{"initial_reset_timestamp": 1608476030.785914, "timestamps": [1608476186.827675], "episode_lengths": [3874], "episode_rewards": [21.0], "episode_types": ["t"]}