{"initial_reset_timestamp": 1608476300.6647103, "timestamps": [1608476403.091488], "episode_lengths": [2542], "episode_rewards": [8.0], "episode_types": ["t"]}