{"initial_reset_timestamp": 1608476199.5018988, "timestamps": [1608476270.7793658], "episode_lengths": [1765], "episode_rewards": [20.0], "episode_types": ["t"]}