{"initial_reset_timestamp": 1608476409.7207835, "timestamps": [1608476511.9198046], "episode_lengths": [2536], "episode_rewards": [-20.0], "episode_types": ["t"]}