{"initial_reset_timestamp": 1608476283.0812135, "timestamps": [1608476357.8300784], "episode_lengths": [1853], "episode_rewards": [20.0], "episode_types": ["t"]}