{"initial_reset_timestamp": 1608476418.3114724, "timestamps": [1608476503.0960214], "episode_lengths": [2102], "episode_rewards": [17.0], "episode_types": ["t"]}